{
  "Home": {
    "Header": {
      "title": "Helping you achieve optimal health, your way.",
      "largeImage": "img/portfolio/01-large.jpg",
      "leftTitle": "Dr. Alex Chan",
      "leftContent": "Health is a journey and you hold the power to biohack your way to your best life. This site is dedicated to my work as a Naturopathic Doctor, Entrepreneur, Educator and Formulator.",
      "paragraph": "Lorem ipsum dolor sit amet, consectetur adipiscing elit. Duis sed dapibus leo nec ornare diam sed commodo nibh ante facilisis bibendum.",
      "middleIcon": "https://assets.website-files.com/616786a99cb0c574cc569c06/619c04cbd4bd673b968b6460_icons8-biotech-32.png"
    },
    "About": {
      "paragraph": "I grew up in a naturopathic household and have always been fascinated by what our bodies are capable of. I believe that given the right support our bodies have amazing potential to maintain function (even as we age), recover from injury and allow us to lead empowered and fulfilling lives. This belief caused me to create one of the first comprehensive Biohacking programs in Canada at my clinic Integrative Naturopathic Medical Centre. It also drives my work as a formulator of Hidrate, a natural electrolyte drink company I co-founded with my husband, supplement designer and health educator.",
      "Why": [
        "Lorem ipsum dolor",
        "Tempor incididunt",
        "Lorem ipsum dolor",
        "Incididunt ut labore"
      ],
      "Why2": [
        "Aliquip ex ea commodo",
        "Lorem ipsum dolor",
        "Exercitation ullamco",
        "Lorem ipsum dolor"
      ]
    },
    "Capability": {
      "paragraph": "I grew up in a naturopathic household and have always been fascinated by what our bodies are capable of. I believe that given the right support our bodies have amazing potential to maintain function (even as we age), recover from injury and allow us to lead empowered and fulfilling lives. This belief caused me to create one of the first comprehensive Biohacking programs in Canada at my clinic Integrative Naturopathic Medical Centre. It also drives my work as a formulator of Hidrate, a natural electrolyte drink company I co-founded with my husband, supplement designer and health educator.",
      "leftImage": "img/capability/left.jpg",
      "middleImage": "img/capability/middle.jpg",
      "rightImage": "img/capability/right.jpg",
      "leftContent": "Take charge of your health potential and harness the latest technology to optimize your genetics and overall well-being.",
      "middleContent": "Understand how disease impacts your whole-body and better manage contributing biochemical, structural and mental emotional factors.",
      "rightContent": "High demand results in high impact on your physical body. Customize your training and recovery to surpass your goals.",
      "leftTitle": "Biohacking",
      "middleTitle": "Chronic Disease",
      "rightTitle": "Athletic Performace",
      "leftIcon": "https://assets.website-files.com/616786a99cb0c574cc569c06/619c04f4fccf70c46c7813d5_icons8-molecule-32.png",
      "middleIcon": "https://assets.website-files.com/616786a99cb0c574cc569c06/619c04cbd4bd673b968b6460_icons8-biotech-32.png",
      "rightIcon": "https://assets.website-files.com/616786a99cb0c574cc569c06/619c051a562c874854dda087_icons8-lightning-bolt-32.png"
    },
    "Blog": {
      "leftImage": "img/blog/left.jpg",
      "middleImage": "img/blog/middle.jpg",
      "rightImage": "img/blog/right.jpg",
      "leftContent": "I’ve been experimenting lately with gluten-free baking. In particular aiming for a good morning muffin that is gluten, dairy and sugar free but still delicious.",
      "middleContent": "Understand how disease impacts your whole-body and better manage contributing biochemical, structural and mental emotional factors.",
      "rightContent": "As a doctor I want to empower people to make change in their life that opens the door to optimal health.",
      "leftTitle": "GF Chocolate Coconut Mandarin Muffins",
      "middleTitle": "Chronic Disease",
      "rightTitle": "How I Become A Naturopathic Doctor",
      "leftDate": "JUNE 27, 2022",
      "middleDate": "JUNE 8, 2022",
      "rightDate": "JUNE 8, 2022"
    },
    "Workwithme": {
      "headerTitle": "How I can help you",
      "headerContent": "I work with patients in my office practice at Integrative. I also consult for companies regarding product development, present at conferences and write about functional health and naturopathic medicine.",
      "element01Title": "Naturopathic Doctor",
      "element01Content": "I enjoy working directly with patient’s in clinic at Integrative. I have a passion for chronic disease management including cancer care and treating those affected by Lyme and co-infections. Seeing those who have been chronically ill highlights the importance of early intervention and preventative medicine and so I have turned to focusing on how to optimize health and Biohack to prevent disease occurrence and promote vitality.",
      "element02Title": "Entrepreneur",
      "element02Content": "I am proud to be a co-founder of Hidrate the first natural electrolyte drink formulated by a Naturopathic Doctor. Dehydration and a distaste for water is a major issue in North America and I felt a need to bring a healthy electrolyte drink to market. Using the cleanest ingredients and best forms of electrolytes Hidrate has exactly the electrolytes, trace minerals, and nutrients you need without added chemicals.",
      "element03Title": "Educator & Formulator",
      "element03Content": "Sharing my knowledge and experience is important to me and I look to do this through speaking engagements, writing and consulting. At Integrative I am the clinic’s Residency Program Director which helps to train new naturopathic graduates. I have also spoken at professional conferences on Biohacking and consulted with various companies working towards supplement and product development."
    },
    "Review": {
      "content1": "Dr. Alex continuously pushes herself to learn, so she can be the best doctor for her patients. Her philosophy embodies the core foundations of naturopathy while integrating science based technology and techniques into her practice.",
      "person1": "Dr. Jam Caleda",
      "job1": "NATUROPATHIC DOCTOR",
      "content2": "She's one of those rare people that makes you feel better just for having spent time with her. She is completely invested, infinitely capable, and smart. She is one of the most humble human beings I know",
      "person2": "Anastasia Chomlack",
      "job2": "PHOTOGRAGER & CREATIVE",
      "content3": "I've worked with Alex as both a client and a patient. Whether she is building a business for her customers or working with her patients, she brings the same level of dedication, care, and attention. She is an insanely talented doctor, entrepreneur, and formulator.",
      "person3": "Aleah Chaytor",
      "job3": "ENTREPRENEUR & MARKETER"
    },
    "Gallery": [
      {
        "title": "Project Title",
        "largeImage": "img/portfolio/01-large.jpg",
        "smallImage": "img/portfolio/01-small.jpg"
      },
      {
        "title": "Project Title",
        "largeImage": "img/portfolio/02-large.jpg",
        "smallImage": "img/portfolio/02-small.jpg"
      },
      {
        "title": "Project Title",
        "largeImage": "img/portfolio/03-large.jpg",
        "smallImage": "img/portfolio/03-small.jpg"
      },
      {
        "title": "Project Title",
        "largeImage": "img/portfolio/04-large.jpg",
        "smallImage": "img/portfolio/04-small.jpg"
      },
      {
        "title": "Project Title",
        "largeImage": "img/portfolio/05-large.jpg",
        "smallImage": "img/portfolio/05-small.jpg"
      },
      {
        "title": "Project Title",
        "largeImage": "img/portfolio/06-large.jpg",
        "smallImage": "img/portfolio/06-small.jpg"
      },
      {
        "title": "Project Title",
        "largeImage": "img/portfolio/07-large.jpg",
        "smallImage": "img/portfolio/07-small.jpg"
      },
      {
        "title": "Project Title",
        "largeImage": "img/portfolio/08-large.jpg",
        "smallImage": "img/portfolio/08-small.jpg"
      },
      {
        "title": "Project Title",
        "largeImage": "img/portfolio/09-large.jpg",
        "smallImage": "img/portfolio/09-small.jpg"
      }
    ],
    "Services": [
      {
        "icon": "fa fa-wordpress",
        "name": "Lorem ipsum dolor",
        "text": "Lorem ipsum dolor sit amet, consectetur adipiscing elit. Duis sed dapibus leo nec ornare diam sedasd commodo nibh ante facilisis bibendum dolor feugiat at."
      },
      {
        "icon": "fa fa-cart-arrow-down",
        "name": "Consectetur adipiscing",
        "text": "Lorem ipsum dolor sit amet, consectetur adipiscing elit. Duis sed dapibus leo nec ornare diam sedasd commodo nibh ante facilisis bibendum dolor feugiat at."
      },
      {
        "icon": "fa fa-cloud-download",
        "name": "Lorem ipsum dolor",
        "text": "Lorem ipsum dolor sit amet, consectetur adipiscing elit. Duis sed dapibus leo nec ornare diam sedasd commodo nibh ante facilisis bibendum dolor feugiat at."
      },
      {
        "icon": "fa fa-language",
        "name": "Consectetur adipiscing",
        "text": "Lorem ipsum dolor sit amet, consectetur adipiscing elit. Duis sed dapibus leo nec ornare diam sedasd commodo nibh ante facilisis bibendum dolor feugiat at."
      },
      {
        "icon": "fa fa-plane",
        "name": "Lorem ipsum dolor",
        "text": "Lorem ipsum dolor sit amet, consectetur adipiscing elit. Duis sed dapibus leo nec ornare diam sedasd commodo nibh ante facilisis bibendum dolor feugiat at."
      },
      {
        "icon": "fa fa-pie-chart",
        "name": "Consectetur adipiscing",
        "text": "Lorem ipsum dolor sit amet, consectetur adipiscing elit. Duis sed dapibus leo nec ornare diam sedasd commodo nibh ante facilisis bibendum dolor feugiat at."
      }
    ],
    "Testimonials": [
      {
        "img": "img/testimonials/01.jpg",
        "text": "\"Lorem ipsum dolor sit amet, consectetur adipiscing elit. Duis sed dapibus leo nec ornare diam sedasd commodo nibh ante facilisis bibendum dolor feugiat at.\"",
        "name": "John Doe"
      },
      {
        "img": "img/testimonials/02.jpg",
        "text": "\"Lorem ipsum dolor sit amet, consectetur adipiscing elit. Duis sed dapibus leo nec ornare diam sedasd commodo nibh ante facilisis bibendum dolor feugiat at.\"",
        "name": "Johnathan Doe"
      },
      {
        "img": "img/testimonials/03.jpg",
        "text": "\"Lorem ipsum dolor sit amet, consectetur adipiscing elit. Duis sed dapibus leo nec ornare diam sedasd commodo nibh ante facilisis bibendum dolor feugiat at.\"",
        "name": "John Doe"
      },
      {
        "img": "img/testimonials/04.jpg",
        "text": "\"Lorem ipsum dolor sit amet, consectetur adipiscing elit. Duis sed dapibus leo nec ornare diam sedasd commodo nibh ante facilisis bibendum dolor feugiat at.\"",
        "name": "Johnathan Doe"
      },
      {
        "img": "img/testimonials/05.jpg",
        "text": "\"Lorem ipsum dolor sit amet, consectetur adipiscing elit. Duis sed dapibus leo nec ornare diam sedasd commodo nibh ante facilisis bibendum dolor feugiat at.\"",
        "name": "John Doe"
      },
      {
        "img": "img/testimonials/06.jpg",
        "text": "\"Lorem ipsum dolor sit amet, consectetur adipiscing elit. Duis sed dapibus leo nec ornare diam sedasd commodo nibh ante facilisis bibendum dolor feugiat at.\"",
        "name": "Johnathan Doe"
      }
    ],
    "Team": [
      {
        "img": "img/team/01.jpg",
        "name": "John Doe",
        "job": "Director"
      },
      {
        "img": "img/team/02.jpg",
        "name": "Mike Doe",
        "job": "Senior Designer"
      },
      {
        "img": "img/team/03.jpg",
        "name": "Jane Doe",
        "job": "Senior Designer"
      },
      {
        "img": "img/team/04.jpg",
        "name": "Karen Doe",
        "job": "Project Manager"
      }
    ],
    "Contact": {
      "address": "4321 California St, San Francisco, CA 12345 ",
      "phone": "+1 123 456 1234",
      "email": "info@company.com",
      "facebook": "fb.com",
      "twitter": "twitter.com",
      "youtube": "youtube.com",
      "content": "* This website offers health and wellness information and is provided for educational purposes only. This is not intended to be a substitute for professional medical advice, diagnosis or treatment. Always speak with your physician or other healthcare provider before taking any medication or supplement, changing your diet/lifestyle or using any treatment for a medical concern. Do not disregard professional medical advice or delay in seeking medical care because of something you have read on this website."
    }
  },
  "About": {
    "Hero": {
      "title": "Health is a delicate balance between your biochemistry, structure and mental/emotional needs.",
      "heroImage": "https://assets.website-files.com/616786a99cb0c574cc569c06/616dd0eecbea0f1a1ab91770__ANA7326.jpg",
      "content": "Each of us has a story that has brought us to this point where we are seeking for more from our body and mind. Read more about my story as a Biohacker, science nerd and passionate Naturopathic Doctor."
    },
    "Story": {
      "title": "Hi I'm Dr. Alex Chan",
      "subtitle": "MY STORY",
      "content": "My journey towards alternative health care is unique as I was born into a family of health practitioners: my mom is a Registered Massage Therapist and my dad is an Acupuncturist, Chiropractor and Naturopathic Doctor. I knew from a young age that I respect the wisdom of the body and believe that with the right tools we can promote self-healing. Becoming a Naturopathic Physician was a logical step as on this path I felt I could best serve people along their own personal discovery of health. I have a particular interest in how naturopathic philosophy can work alongside conventional care to provide the best medial care. With this integrated and complementary approach, I’m drawn to common chronic conditions like heart disease and type II diabetes, as well as autoimmune conditions and chronic infections like Lyme and associate co-infections. I’m also particularly passionate about cancer care. Cancer is a growing epidemic that affects 1 in 3 people in North American society. Personally cancer has affected too many members of my family including the early loss of my grandmother in her 50s and my dad’s personal journey during his teens. Many people have watched loved ones battle with cancer diagnoses and wished there was something they could do beyond the conventional treatment that is delivered. To this end, I have sought out specific training to work with cancer patients and use natural supplements, IV therapy and nutrition as needed to address cancer and the side effects from conventional therapy.Seeing the toll that chronic disease takes on the body highlighted my belief in early health intervention. Instead of only focusing on those with chronic disease I have also devoted attention towards athletic and health optimization. The tools I use to help patients achieve peak performance address three main aspects of health: biochemical, structural, and mental/emotional. If this triad is taken care of it allows people to function at their best. I’m excited to be a part of the Biohacking world and apply various hacks in my patient recommendations and my own life. I also am well versed in sports nutrition and in particular Paleo and ketogenic diets. This knowledge led me to co-found an electrolyte drink company with my husband and I’m proud that we make Hidrate, the best healthy hydration option available."
    },
    "Gallery": {
      "image01": "https://assets.website-files.com/616786a99cb0c574cc569c06/616dd0df447d37bf2864ee0c__ANA6457.jpg",
      "image02": "https://assets.website-files.com/616786a99cb0c574cc569c06/616dd0e0be8a4cc55cbd77ca__ANA6290.jpg",
      "image03": "https://assets.website-files.com/616786a99cb0c574cc569c06/616dd0fa15e78b5956e262ca__ANA7813.jpg"
    }
  },
  "Features": [
    {
      "icon": "fa fa-comments-o",
      "title": "Lorem ipsum",
      "text": "Lorem ipsum dolor sit amet placerat facilisis felis mi in tempus eleifend pellentesque natoque etiam."
    },
    {
      "icon": "fa fa-bullhorn",
      "title": "Lorem ipsum",
      "text": "Lorem ipsum dolor sit amet placerat facilisis felis mi in tempus eleifend pellentesque natoque etiam."
    },
    {
      "icon": "fa fa-group",
      "title": "Lorem ipsum",
      "text": "Lorem ipsum dolor sit amet placerat facilisis felis mi in tempus eleifend pellentesque natoque etiam."
    },
    {
      "icon": "fa fa-magic",
      "title": "Lorem ipsum",
      "text": "Lorem ipsum dolor sit amet placerat facilisis felis mi in tempus eleifend pellentesque natoque etiam."
    }
  ]
}
